{"cameraMode":{"drawMode":0,"name":"Shaded","section":"Shading Mode"},"sceneLighting":true,"audioPlay":false,"sceneViewState":{"m_AlwaysRefresh":false,"showFog":true,"showSkybox":true,"showFlares":true,"showImageEffects":true,"showParticleSystems":true,"showVisualEffectGraphs":true,"m_FxEnabled":true},"in2DMode":false,"pivot":{"x":42.06318283081055,"y":-71.29823303222656,"z":47.3302116394043},"rotation":{"x":0.006514890119433403,"y":-0.9532381296157837,"z":0.30147311091423037,"w":0.020600229501724244},"size":90.35098266601563,"orthographic":false}