{"cameraMode":{"drawMode":0,"name":"Shaded","section":"Shading Mode"},"sceneLighting":true,"audioPlay":false,"sceneViewState":{"m_AlwaysRefresh":false,"showFog":true,"showSkybox":true,"showFlares":true,"showImageEffects":true,"showParticleSystems":true,"showVisualEffectGraphs":true,"m_FxEnabled":true},"in2DMode":false,"pivot":{"x":49.59321212768555,"y":0.9481139779090881,"z":96.75089263916016},"rotation":{"x":-0.003984942100942135,"y":-0.9918968677520752,"z":0.12293276190757752,"w":-0.03214136138558388},"size":1.7450872659683228,"orthographic":false}